model,dataset,feature_set,samples,precision,recall,f1,tp,fp,fn,tn,duration_h,true_events,reported_events,matched_events,missed_events,false_reported_events,event_precision,event_recall,event_f1,unmatched_overlapping_reports,duplicate_detection_rate,mean_matched_iou,mean_signed_onset_error_s,false_events_per_hour,mode,threshold,per_flight_f1_min,per_flight_f1_max,macro_type_recall,objective
V1 baseline IF,V1 validation,V1,12001,0.42214912280701755,0.3719806763285024,0.39548022598870053,385,527,650,10439,0.3333611111111111,5,27,3,2,24,0.1111111111111111,0.6,0.18750000000000003,0,0.0,0.9342275343072174,-0.9666666666666591,71.99400049995833,,,,,,
V1 engineered IF,V1 validation,V1,12001,0.7320359281437125,0.47246376811594204,0.5742806811509101,489,179,546,10787,0.3333611111111111,5,7,5,0,2,0.7142857142857143,1.0,0.8333333333333333,2,0.2857142857142857,0.8097453231766861,6.6200000000000045,5.999500041663195,,,,,,
V1 rules,V1 validation,V1,12001,0.7038123167155426,0.463768115942029,0.5591147350029121,480,202,555,10764,0.3333611111111111,5,5,3,2,2,0.6,0.6,0.6,1,0.2,0.8915857605177991,6.133333333333326,5.999500041663195,,,,,,
V1 hybrid,V1 validation,V1,12001,0.6957250628667225,0.8019323671497585,0.7450628366247756,830,363,205,10603,0.3333611111111111,5,6,5,0,1,0.8333333333333334,1.0,0.9090909090909091,0,0.0,0.87014916745904,3.6799999999999953,2.9997500208315975,,,,,,
V1 baseline IF,V1 historical final,V1,12001,0.3950617283950617,0.3628865979381443,0.3782912412681354,352,539,618,10492,0.3333611111111111,5,23,3,2,20,0.13043478260869565,0.6,0.21428571428571427,0,0.0,0.8009454932531884,-2.033333333333284,59.995000416631946,,,,,,
V1 engineered IF,V1 historical final,V1,12001,0.6086956521739131,0.36082474226804123,0.4530744336569579,350,225,620,10806,0.3333611111111111,5,7,3,2,4,0.42857142857142855,0.6,0.5,1,0.14285714285714285,0.9157918975250064,-0.03333333333330302,11.99900008332639,,,,,,
V1 rules,V1 historical final,V1,12001,0.5951492537313433,0.3288659793814433,0.42363877822045154,319,217,651,10814,0.3333611111111111,5,5,3,2,2,0.6,0.6,0.6,1,0.2,0.8220238095238096,9.666666666666666,5.999500041663195,,,,,,
V1 hybrid,V1 historical final,V1,12001,0.6129032258064516,0.6659793814432989,0.6383399209486166,646,408,324,10623,0.3333611111111111,5,6,5,0,1,0.8333333333333334,1.0,0.9090909090909091,0,0.0,0.837530052551443,5.780000000000018,2.9997500208315975,,,,,,
local_outlier_factor,V2 validation,temporal_spectral_v2,36000,0.9233226837060704,0.9720569210866752,0.94706327199395,3757,312,108,31823,1.0,25,29,25,0,4,0.8620689655172413,1.0,0.925925925925926,4,0.1379310344827586,0.918277994449486,-0.3280000000000009,4.000000000000001,ml,2.0,0.0,0.9555808656036446,0.9900638899258706,0.9493221917599268
local_outlier_factor,V2 validation,temporal_spectral_v2,36000,0.9233226837060704,0.9720569210866752,0.94706327199395,3757,312,108,31823,1.0,25,29,25,0,4,0.8620689655172413,1.0,0.925925925925926,4,0.1379310344827586,0.918277994449486,-0.3280000000000009,4.000000000000001,or,2.0,0.0,0.9555808656036446,0.9900638899258706,0.9493221917599268
local_outlier_factor,V2 validation,temporal_spectral_v2,36000,0.9295669487307118,0.9663648124191462,0.947608778383864,3735,283,130,31852,1.0,25,30,25,0,5,0.8333333333333334,1.0,0.9090909090909092,5,0.1666666666666666,0.915584463186936,-0.1719999999999973,5.000000000000001,weighted,2.0,0.0,0.9576659038901602,0.9877800650631968,0.944087674931844
local_outlier_factor,V2 validation,temporal_spectral_v2,36000,0.9332831703034864,0.9627425614489004,0.9477840040753948,3721,266,144,31869,1.0,25,30,25,0,5,0.8333333333333334,1.0,0.9090909090909092,5,0.1666666666666666,0.91567396792667,-0.1319999999999987,5.000000000000001,ml,3.0,0.0,0.9603676048248132,0.9865107994240307,0.9439214346497762
local_outlier_factor,V2 validation,temporal_spectral_v2,36000,0.9332831703034864,0.9627425614489004,0.9477840040753948,3721,266,144,31869,1.0,25,30,25,0,5,0.8333333333333334,1.0,0.9090909090909092,5,0.1666666666666666,0.91567396792667,-0.1319999999999987,5.000000000000001,or,3.0,0.0,0.9603676048248132,0.9865107994240307,0.9439214346497762
isolation_forest,V2 validation,temporal_spectral_v2,36000,0.9373255518903832,0.9557567917205692,0.946451447604407,3694,247,171,31888,1.0,25,30,25,0,5,0.8333333333333334,1.0,0.9090909090909092,5,0.1666666666666666,0.914745769924164,-0.0440000000000029,5.000000000000001,weighted,1.5,0.0,0.9589832466782208,0.9830505039731214,0.9425630973241004
none,V2 validation,temporal_spectral_v2,36000,0.9400510204081632,0.9534282018111256,0.9466923570969814,3685,235,180,31900,1.0,25,30,25,0,5,0.8333333333333334,1.0,0.9090909090909092,5,0.1666666666666666,0.916748843306282,0.0279999999999964,5.000000000000001,statistical,2.0,0.0,0.9590305828043856,0.981366753773132,0.9423468020303898
isolation_forest,V2 validation,temporal_spectral_v2,36000,0.9400510204081632,0.9534282018111256,0.9466923570969814,3685,235,180,31900,1.0,25,30,25,0,5,0.8333333333333334,1.0,0.9090909090909092,5,0.1666666666666666,0.916748843306282,0.0279999999999964,5.000000000000001,or,2.0,0.0,0.9590305828043856,0.981366753773132,0.9423468020303898
local_outlier_factor,V2 validation,temporal_spectral_v2,36000,0.9131910766246364,0.974385510996119,0.9427963449743396,3766,358,99,31777,1.0,25,30,25,0,5,0.8333333333333334,1.0,0.9090909090909092,4,0.1333333333333333,0.9110718194941484,-0.3520000000000007,5.000000000000001,weighted,1.5,0.0,0.9523809523809524,0.9908798464081916,0.9423014144960808
none,V2 validation,temporal_spectral_v2,36000,0.9162393162393162,0.9707632600258732,0.942713567839196,3752,343,113,31792,1.0,25,30,25,0,5,0.8333333333333334,1.0,0.9090909090909092,4,0.1333333333333333,0.9110480538727822,-0.2839999999999986,5.000000000000001,statistical,1.5,0.0,0.952921157118548,0.9891766839101914,0.941919393428909
isolation_forest,V2 validation,temporal_spectral_v2,36000,0.9162393162393162,0.9707632600258732,0.942713567839196,3752,343,113,31792,1.0,25,30,25,0,5,0.8333333333333334,1.0,0.9090909090909092,4,0.1333333333333333,0.9110480538727822,-0.2839999999999986,5.000000000000001,or,1.5,0.0,0.952921157118548,0.9891766839101914,0.941919393428909
local_outlier_factor,V2 validation,temporal_spectral_v2,36000,0.9423571796191456,0.947477360931436,0.9449103341504322,3662,224,203,31911,1.0,25,30,25,0,5,0.8333333333333334,1.0,0.9090909090909092,5,0.1666666666666666,0.9160361049231918,0.0799999999999954,5.000000000000001,weighted,3.0,0.0,0.9611594202898552,0.9801493253693137,0.9412123048763515
local_outlier_factor,V2 validation,temporal_spectral_v2,36000,0.908084696823869,0.9764553686934024,0.9410297967834432,3774,382,91,31753,1.0,25,31,25,0,6,0.8064516129032258,1.0,0.8928571428571428,4,0.1290322580645161,0.9071358306180624,-0.3880000000000007,6.000000000000001,ml,1.5,0.0,0.95578231292517,0.9916051410591435,0.9366930694606932
local_outlier_factor,V2 validation,temporal_spectral_v2,36000,0.9041916167664672,0.9767141009055628,0.9390547263681592,3775,400,90,31735,1.0,25,31,25,0,6,0.8064516129032258,1.0,0.8928571428571428,4,0.1290322580645161,0.90709153885417,-0.3920000000000007,6.000000000000001,or,1.5,0.0,0.9536199095022624,0.9916958028905124,0.935723666619325
isolation_forest,V2 validation,temporal_spectral_v2,36000,0.9537746170678336,0.9021992238033636,0.9272703097992288,3487,169,378,31966,1.0,25,31,25,0,6,0.8064516129032258,1.0,0.8928571428571428,6,0.1935483870967742,0.9049144177260996,0.3319999999999984,6.000000000000001,weighted,2.0,0.0,0.9535714285714284,0.9596730368473174,0.9234269051262208
local_outlier_factor,V2 validation,temporal_spectral_v2,36000,0.8592155973702108,0.9805950840879688,0.915901401643306,3790,621,75,31514,1.0,25,37,25,0,12,0.6756756756756757,1.0,0.8064516129032258,3,0.081081081081081,0.9099248767480038,-0.5280000000000016,12.000000000000002,ml,1.0,0.0,0.9467787114845938,0.9932003626473254,0.8985262572220858
local_outlier_factor,V2 validation,temporal_spectral_v2,36000,0.8207343412526998,0.9831824062095732,0.894643908181283,3800,830,65,31305,1.0,25,39,25,0,14,0.6410256410256411,1.0,0.7812500000000001,2,0.0512820512820512,0.9074522366475324,-0.5760000000000016,14.000000000000002,weighted,1.0,0.0,0.9422283356258596,0.9941069809610154,0.8805183502828446
none,V2 validation,temporal_spectral_v2,36000,0.9550392275196138,0.8188874514877102,0.8817384036773924,3165,149,700,31986,1.0,25,35,25,0,10,0.7142857142857143,1.0,0.8333333333333333,10,0.2857142857142857,0.8867659658560243,2.888,10.000000000000002,statistical,3.0,0.0,0.9476849067949488,0.9281658105660526,0.8765023639519067
isolation_forest,V2 validation,temporal_spectral_v2,36000,0.9550392275196138,0.8188874514877102,0.8817384036773924,3165,149,700,31986,1.0,25,35,25,0,10,0.7142857142857143,1.0,0.8333333333333333,10,0.2857142857142857,0.8867659658560243,2.888,10.000000000000002,or,3.0,0.0,0.9476849067949488,0.9281658105660526,0.8765023639519067
isolation_forest,V2 validation,temporal_spectral_v2,36000,0.8102969450972014,0.9813712807244502,0.8876667446758717,3793,888,72,31247,1.0,25,42,25,0,17,0.5952380952380952,1.0,0.7462686567164178,2,0.0476190476190476,0.9083371688571522,-0.5559999999999994,17.000000000000004,weighted,1.0,0.0,0.9437890353920888,0.9933277158551544,0.8663795125238921
isolation_forest,V2 validation,temporal_spectral_v2,36000,0.9680243623905596,0.6579560155239327,0.7834257547751077,2543,84,1322,32051,1.0,25,28,25,0,3,0.8928571428571429,1.0,0.9433962264150944,3,0.1071428571428571,0.8586521178889523,4.931999999999999,3.0000000000000004,weighted,3.0,0.0,0.935031847133758,0.8659888600034158,0.8479295173127654
none,V2 validation,temporal_spectral_v2,36000,0.6681299385425812,0.9844760672703752,0.7960251046025105,3805,1890,60,30245,1.0,25,86,25,0,61,0.2906976744186046,1.0,0.4504504504504504,2,0.0232558139534883,0.8215127114774745,-0.7559999999999986,61.00000000000001,statistical,1.0,0.0,0.9332425068119892,0.9945602901178604,0.7320597454599624
local_outlier_factor,V2 validation,temporal_spectral_v2,36000,0.6648034934497816,0.9847347994825356,0.7937434827945776,3806,1919,59,30216,1.0,25,86,25,0,61,0.2906976744186046,1.0,0.4504504504504504,2,0.0232558139534883,0.8214295142615191,-0.7599999999999995,61.00000000000001,or,1.0,0.0,0.9319727891156462,0.9946509519492294,0.7309370669222699
isolation_forest,V2 validation,temporal_spectral_v2,36000,0.6637600279037321,0.9847347994825356,0.7929992707573704,3806,1928,59,30207,1.0,25,87,25,0,62,0.2873563218390804,1.0,0.4464285714285714,2,0.0229885057471264,0.8137971743389045,-0.7559999999999986,62.00000000000001,or,1.0,0.0,0.9332425068119892,0.9946509519492294,0.7293583971971025
none,V2 validation,temporal_spectral_v2,36000,0.9987654320987654,0.2093143596377749,0.3460962566844919,809,1,3056,32134,1.0,25,15,15,10,0,1.0,0.6,0.7499999999999999,0,0.0,1.0,0.0,0.0,rules,2.0,0.0,0.4242424242424242,0.6,0.5180481283422459
none,V2 validation,temporal_spectral_v2,36000,1.0,0.2090556274256144,0.3458163920393751,808,0,3057,32135,1.0,25,15,15,10,0,1.0,0.6,0.7499999999999999,0,0.0,1.0,0.0,0.0,rules,3.0,0.0,0.4242424242424242,0.5974683544303797,0.5174018669057635
none,V2 validation,temporal_spectral_v2,36000,0.9597633136094674,0.2098318240620957,0.3443736730360933,811,34,3054,32101,1.0,25,16,15,10,1,0.9375,0.6,0.7317073170731707,0,0.0,0.9756335227540452,0.0,1.0000000000000002,rules,1.5,0.0,0.4234234234234234,0.6001813236627379,0.5117352963725454
none,V2 validation,temporal_spectral_v2,36000,0.5859649122807018,0.2160413971539456,0.3156899810964083,835,590,3030,31545,1.0,25,19,15,10,4,0.7894736842105263,0.6,0.6818181818181819,0,0.0,0.8221432490107737,-0.0800000000000002,4.000000000000001,rules,1.0,0.0,0.4154696132596685,0.6029357367607061,0.4829775924457999
isolation_forest,V2 validation,temporal_spectral_v2,36000,0.7311385459533608,0.1379042690815006,0.2320417936438833,533,196,3332,31939,1.0,25,33,11,14,22,0.3333333333333333,0.44,0.3793103448275862,16,0.4848484848484848,0.6798571459721336,1.7727272727272747,22.000000000000004,ml,1.0,0.0,0.3901665344964314,0.2787681619739407,0.2855676326650057
isolation_forest,V2 validation,temporal_spectral_v2,36000,1.0,0.0346701164294954,0.0670167541885471,134,0,3731,32135,1.0,25,5,5,20,0,1.0,0.2,0.3333333333333333,0,0.0,1.0,0.0,0.0,ml,1.5,0.0,0.1081081081081081,0.2004251099919041,0.1735933990926544
isolation_forest,V2 validation,temporal_spectral_v2,36000,1.0,0.0341526520051746,0.0660495371528646,132,0,3733,32135,1.0,25,5,5,20,0,1.0,0.2,0.3333333333333333,0,0.0,1.0,0.0,0.0,ml,2.0,0.0,0.1081081081081081,0.2,0.1730247685764323
isolation_forest,V2 validation,temporal_spectral_v2,36000,1.0,0.0341526520051746,0.0660495371528646,132,0,3733,32135,1.0,25,5,5,20,0,1.0,0.2,0.3333333333333333,0,0.0,1.0,0.0,0.0,ml,3.0,0.0,0.1081081081081081,0.2,0.1730247685764323
